55,1,10,118.1
55,1,15,176.7
55,1,20,214.9
55,1,25,231.6
55,1,30,244.7
55,1,35,259.5
55,1,40,272.6
55,1,45,288.4
55,1,50,298.6
55,1,55,308.8
55,1,60,320.9
55,1,65,328.4
55,1,70,339.5
55,1,75,350.7
55,1,80,360.9
55,1,85,375.8
55,1,90,374
55,1,95,374
55,1,100,369.3
55,2,10,107
55,2,15,160
55,2,20,200
55,2,25,218.6
55,2,30,230.7
55,2,35,246.5
55,2,40,259.5
55,2,45,274.4
55,2,50,281.9
55,2,55,292.1
55,2,60,304.2
55,2,65,308.8
55,2,70,320
55,2,75,330.2
55,2,80,339.5
55,2,85,357.2
55,2,90,356.3
55,2,95,355.3
55,2,100,346
55,5,10,81.9
55,5,15,133
55,5,20,171.2
55,5,25,197.2
55,5,30,209.3
55,5,35,222.3
55,5,40,235.3
55,5,45,247.4
55,5,50,256.7
55,5,55,267
55,5,60,276.3
55,5,65,276.3
55,5,70,288.4
55,5,75,296.7
55,5,80,306
55,5,85,324.7
55,5,90,331.2
55,5,95,329.3
55,5,100,307
55,10,10,67.9
55,10,15,113.5
55,10,20,151.6
55,10,25,177.7
55,10,30,186
55,10,35,201.9
55,10,40,214.9
55,10,45,224.2
55,10,50,232.6
55,10,55,243.7
55,10,60,250.2
55,10,65,247.4
55,10,70,258.6
55,10,75,263.3
55,10,80,273.5
55,10,85,296.7
55,10,90,308.8
55,10,95,304.2
55,10,100,271.6
55,15,10,57.65
55,15,15,100.95
55,15,20,137.65
55,15,25,166.05
55,15,30,173.95
55,15,35,189.3
55,15,40,201.4
55,15,45,211.15
55,15,50,218.15
55,15,55,229.75
55,15,60,238.1
55,15,65,231.6
55,15,70,241.4
55,15,75,246.55
55,15,80,256.3
55,15,85,283.7
55,15,90,298.6
55,15,95,292.1
55,15,100,250.7
55,20,10,47.4
55,20,15,88.4
55,20,20,123.7
55,20,25,154.4
55,20,30,161.9
55,20,35,176.7
55,20,40,187.9
55,20,45,198.1
55,20,50,203.7
55,20,55,215.8
55,20,60,226
55,20,65,215.8
55,20,70,224.2
55,20,75,229.8
55,20,80,239.1
55,20,85,270.7
55,20,90,288.4
55,20,95,280
55,20,100,229.8
55,25,10,41.85
55,25,15,80
55,25,20,115.35
55,25,25,149.3
55,25,30,154.9
55,25,35,171.15
55,25,40,180.95
55,25,45,189.3
55,25,50,195.35
55,25,55,207.9
55,25,60,218.1
55,25,65,206.05
55,25,70,214.9
55,25,75,219.1
55,25,80,228.4
55,25,85,261.4
55,25,90,281.4
55,25,95,272.1
55,25,100,218.15
55,30,10,36.3
55,30,15,71.6
55,30,20,107
55,30,25,144.2
55,30,30,147.9
55,30,35,165.6
55,30,40,174
55,30,45,180.5
55,30,50,187
55,30,55,200
55,30,60,210.2
55,30,65,196.3
55,30,70,205.6
55,30,75,208.4
55,30,80,217.7
55,30,85,252.1
55,30,90,274.4
55,30,95,264.2
55,30,100,206.5
47.5,1,10,115.8
47.5,1,15,169.45
47.5,1,20,204.1
47.5,1,25,219.5
47.5,1,30,233.05
47.5,1,35,247
47.5,1,40,261.1
47.5,1,45,274
47.5,1,50,283.1
47.5,1,55,293
47.5,1,60,305.05
47.5,1,65,313.35
47.5,1,70,322.65
47.5,1,75,333.05
47.5,1,80,343.9
47.5,1,85,356.1
47.5,1,90,353.2
47.5,1,95,349.95
47.5,1,100,344.35
47.5,2,10,104.45
47.5,2,15,155.05
47.5,2,20,190.9
47.5,2,25,206.7
47.5,2,30,219.55
47.5,2,35,233.7
47.5,2,40,247.5
47.5,2,45,260
47.5,2,50,267.25
47.5,2,55,277.6
47.5,2,60,288.2
47.5,2,65,294.25
47.5,2,70,304.1
47.5,2,75,312.25
47.5,2,80,322.9
47.5,2,85,337.05
47.5,2,90,336.1
47.5,2,95,331.3
47.5,2,100,320.65
47.5,5,10,81.9
47.5,5,15,129.75
47.5,5,20,164.45
47.5,5,25,186.75
47.5,5,30,198.3
47.5,5,35,210.6
47.5,5,40,224.85
47.5,5,45,234.7
47.5,5,50,242.85
47.5,5,55,252.5
47.5,5,60,261.45
47.5,5,65,261.7
47.5,5,70,272.75
47.5,5,75,279.4
47.5,5,80,289.35
47.5,5,85,306.45
47.5,5,90,309.95
47.5,5,95,305
47.5,5,100,282.8
47.5,10,10,67.35
47.5,10,15,110
47.5,10,20,145.1
47.5,10,25,168.45
47.5,10,30,177.6
47.5,10,35,191.35
47.5,10,40,203.85
47.5,10,45,212.8
47.5,10,50,219.25
47.5,10,55,229.8
47.5,10,60,237.35
47.5,10,65,233.4
47.5,10,70,244.3
47.5,10,75,248.65
47.5,10,80,258.25
47.5,10,85,278.9
47.5,10,90,288.2
47.5,10,95,281.9
47.5,10,100,250.3
47.5,15,10,57.825
47.5,15,15,98.325
47.5,15,20,132.475
47.5,15,25,157.85
47.5,15,30,165.925
47.5,15,35,179.775
47.5,15,40,191.825
47.5,15,45,200.5
47.5,15,50,206.25
47.5,15,55,216.925
47.5,15,60,224.9
47.5,15,65,218.225
47.5,15,70,228.05
47.5,15,75,232.125
47.5,15,80,241.5
47.5,15,85,265.75
47.5,15,90,278.1
47.5,15,95,270.325
47.5,15,100,231.175
47.5,20,10,48.3
47.5,20,15,86.65
47.5,20,20,119.85
47.5,20,25,147.25
47.5,20,30,154.25
47.5,20,35,168.2
47.5,20,40,179.8
47.5,20,45,188.2
47.5,20,50,193.25
47.5,20,55,204.05
47.5,20,60,212.45
47.5,20,65,203.05
47.5,20,70,211.8
47.5,20,75,215.6
47.5,20,80,224.75
47.5,20,85,252.6
47.5,20,90,268
47.5,20,95,258.75
47.5,20,100,212.05
47.5,25,10,43.15
47.5,25,15,79.175
47.5,25,20,112.275
47.5,25,25,142.325
47.5,25,30,147.75
47.5,25,35,162.525
47.5,25,40,172.7
47.5,25,45,180.15
47.5,25,50,185.425
47.5,25,55,196.725
47.5,25,60,205.1
47.5,25,65,194.025
47.5,25,70,202.625
47.5,25,75,205.85
47.5,25,80,214.875
47.5,25,85,244.05
47.5,25,90,261.225
47.5,25,95,251.925
47.5,25,100,201.075
47.5,30,10,38
47.5,30,15,71.7
47.5,30,20,104.7
47.5,30,25,137.4
47.5,30,30,141.25
47.5,30,35,156.85
47.5,30,40,165.6
47.5,30,45,172.1
47.5,30,50,177.6
47.5,30,55,189.4
47.5,30,60,197.75
47.5,30,65,185
47.5,30,70,193.45
47.5,30,75,196.1
47.5,30,80,205
47.5,30,85,235.5
47.5,30,90,254.45
47.5,30,95,245.1
47.5,30,100,190.1
40,1,5,39.7
40,1,10,113.5
40,1,15,162.2
40,1,20,193.3
40,1,25,207.4
40,1,30,221.4
40,1,35,234.5
40,1,40,249.6
40,1,45,259.6
40,1,50,267.6
40,1,55,277.2
40,1,60,289.2
40,1,65,298.3
40,1,70,305.8
40,1,75,315.4
40,1,80,326.9
40,1,85,336.4
40,1,90,332.4
40,1,95,325.9
40,1,100,319.4
40,2,5,32.6
40,2,10,101.9
40,2,15,150.1
40,2,20,181.8
40,2,25,194.8
40,2,30,208.4
40,2,35,220.9
40,2,40,235.5
40,2,45,245.6
40,2,50,252.6
40,2,55,263.1
40,2,60,272.2
40,2,65,279.7
40,2,70,288.2
40,2,75,294.3
40,2,80,306.3
40,2,85,316.9
40,2,90,315.9
40,2,95,307.3
40,2,100,295.3
40,5,5,20.6
40,5,10,81.9
40,5,15,126.5
40,5,20,157.7
40,5,25,176.3
40,5,30,187.3
40,5,35,198.9
40,5,40,214.4
40,5,45,222
40,5,50,229
40,5,55,238
40,5,60,246.6
40,5,65,247.1
40,5,70,257.1
40,5,75,262.1
40,5,80,272.7
40,5,85,288.2
40,5,90,288.7
40,5,95,280.7
40,5,100,258.6
40,10,5,15.1
40,10,10,66.8
40,10,15,106.5
40,10,20,138.6
40,10,25,159.2
40,10,30,169.2
40,10,35,180.8
40,10,40,192.8
40,10,45,201.4
40,10,50,205.9
40,10,55,215.9
40,10,60,224.5
40,10,65,219.4
40,10,70,230
40,10,75,234
40,10,80,243
40,10,85,261.1
40,10,90,267.6
40,10,95,259.6
40,10,100,229
40,15,5,12.55
40,15,10,58
40,15,15,95.7
40,15,20,127.3
40,15,25,149.65
40,15,30,157.9
40,15,35,170.25
40,15,40,182.25
40,15,45,189.85
40,15,50,194.35
40,15,55,204.1
40,15,60,211.7
40,15,65,204.85
40,15,70,214.7
40,15,75,217.7
40,15,80,226.7
40,15,85,247.8
40,15,90,257.6
40,15,95,248.55
40,15,100,211.65
40,20,5,10
40,20,10,49.2
40,20,15,84.9
40,20,20,116
40,20,25,140.1
40,20,30,146.6
40,20,35,159.7
40,20,40,171.7
40,20,45,178.3
40,20,50,182.8
40,20,55,192.3
40,20,60,198.9
40,20,65,190.3
40,20,70,199.4
40,20,75,201.4
40,20,80,210.4
40,20,85,234.5
40,20,90,247.6
40,20,95,237.5
40,20,100,194.3
40,25,5,8.25
40,25,10,44.45
40,25,15,78.35
40,25,20,109.2
40,25,25,135.35
40,25,30,140.6
40,25,35,153.9
40,25,40,164.45
40,25,45,171
40,25,50,175.5
40,25,55,185.55
40,25,60,192.1
40,25,65,182
40,25,70,190.35
40,25,75,192.6
40,25,80,201.35
40,25,85,226.7
40,25,90,241.05
40,25,95,231.75
40,25,100,184
40,30,5,6.5
40,30,10,39.7
40,30,15,71.8
40,30,20,102.4
40,30,25,130.6
40,30,30,134.6
40,30,35,148.1
40,30,40,157.2
40,30,45,163.7
40,30,50,168.2
40,30,55,178.8
40,30,60,185.3
40,30,65,173.7
40,30,70,181.3
40,30,75,183.8
40,30,80,192.3
40,30,85,218.9
40,30,90,234.5
40,30,95,226
40,30,100,173.7
32.5,1,5,36.85
32.5,1,10,97.3
32.5,1,15,141.2
32.5,1,20,169.3
32.5,1,25,181.95
32.5,1,30,195
32.5,1,35,207.4
32.5,1,40,220.05
32.5,1,45,228.55
32.5,1,50,235.8
32.5,1,55,244.8
32.5,1,60,255.25
32.5,1,65,264.45
32.5,1,70,271.9
32.5,1,75,280.2
32.5,1,80,290.85
32.5,1,85,296.75
32.5,1,90,293.35
32.5,1,95,287.35
32.5,1,100,280.1
32.5,2,5,30.5
32.5,2,10,87.3
32.5,2,15,130.5
32.5,2,20,159.4
32.5,2,25,170.75
32.5,2,30,183.4
32.5,2,35,195.25
32.5,2,40,207.2
32.5,2,45,215.5
32.5,2,50,222.25
32.5,2,55,231.25
32.5,2,60,239.75
32.5,2,65,247.45
32.5,2,70,255.2
32.5,2,75,261.3
32.5,2,80,271.45
32.5,2,85,278.85
32.5,2,90,277.45
32.5,2,95,270.1
32.5,2,100,259.2
32.5,5,5,21
32.5,5,10,71
32.5,5,15,111.25
32.5,5,20,139.2
32.5,5,25,154.05
32.5,5,30,164.7
32.5,5,35,175.4
32.5,5,40,187.3
32.5,5,45,194.15
32.5,5,50,200.2
32.5,5,55,208.45
32.5,5,60,216
32.5,5,65,218.35
32.5,5,70,226.4
32.5,5,75,231.65
32.5,5,80,240
32.5,5,85,251.7
32.5,5,90,251.95
32.5,5,95,244.95
32.5,5,100,226.45
32.5,10,5,16.15
32.5,10,10,57.85
32.5,10,15,94.25
32.5,10,20,122.65
32.5,10,25,139.45
32.5,10,30,148.65
32.5,10,35,158.9
32.5,10,40,169.3
32.5,10,45,175.95
32.5,10,50,180.75
32.5,10,55,188.55
32.5,10,60,195.85
32.5,10,65,193.55
32.5,10,70,201.65
32.5,10,75,205.5
32.5,10,80,213.05
32.5,10,85,227.7
32.5,10,90,231.85
32.5,10,95,225.3
32.5,10,100,199.75
32.5,15,5,13.375
32.5,15,10,50.55
32.5,15,15,85
32.5,15,20,112.8
32.5,15,25,131.175
32.5,15,30,139.05
32.5,15,35,149.775
32.5,15,40,159.825
32.5,15,45,166.2
32.5,15,50,170.55
32.5,15,55,178.45
32.5,15,60,184.8
32.5,15,65,180.675
32.5,15,70,188.175
32.5,15,75,191.175
32.5,15,80,198.725
32.5,15,85,215.325
32.5,15,90,222.325
32.5,15,95,215.225
32.5,15,100,184.9
32.5,20,5,10.6
32.5,20,10,43.25
32.5,20,15,75.75
32.5,20,20,102.95
32.5,20,25,122.9
32.5,20,30,129.45
32.5,20,35,140.65
32.5,20,40,150.35
32.5,20,45,156.45
32.5,20,50,160.35
32.5,20,55,168.35
32.5,20,60,173.75
32.5,20,65,167.8
32.5,20,70,174.7
32.5,20,75,176.85
32.5,20,80,184.4
32.5,20,85,202.95
32.5,20,90,212.8
32.5,20,95,205.15
32.5,20,100,170.05
32.5,25,5,9.025
32.5,25,10,39.225
32.5,25,15,70.15
32.5,25,20,97.35
32.5,25,25,119.025
32.5,25,30,124.125
32.5,25,35,135.525
32.5,25,40,144.525
32.5,25,45,150.35
32.5,25,50,154.25
32.5,25,55,162.425
32.5,25,60,167.9
32.5,25,65,160.625
32.5,25,70,166.675
32.5,25,75,168.975
32.5,25,80,176.25
32.5,25,85,196.25
32.5,25,90,207.3
32.5,25,95,199.95
32.5,25,100,161.4
32.5,30,5,7.45
32.5,30,10,35.2
32.5,30,15,64.55
32.5,30,20,91.75
32.5,30,25,115.15
32.5,30,30,118.8
32.5,30,35,130.4
32.5,30,40,138.7
32.5,30,45,144.25
32.5,30,50,148.15
32.5,30,55,156.5
32.5,30,60,162.05
32.5,30,65,153.45
32.5,30,70,158.65
32.5,30,75,161.1
32.5,30,80,168.1
32.5,30,85,189.55
32.5,30,90,201.8
32.5,30,95,194.75
32.5,30,100,152.75
25,1,5,34
25,1,10,81.1
25,1,15,120.2
25,1,20,145.3
25,1,25,156.5
25,1,30,168.6
25,1,35,180.3
25,1,40,190.5
25,1,45,197.5
25,1,50,204
25,1,55,212.4
25,1,60,221.3
25,1,65,230.6
25,1,70,238
25,1,75,245
25,1,80,254.8
25,1,85,257.1
25,1,90,254.3
25,1,95,248.8
25,1,100,240.8
25,2,5,28.4
25,2,10,72.7
25,2,15,110.9
25,2,20,137
25,2,25,146.7
25,2,30,158.4
25,2,35,169.6
25,2,40,178.9
25,2,45,185.4
25,2,50,191.9
25,2,55,199.4
25,2,60,207.3
25,2,65,215.2
25,2,70,222.2
25,2,75,228.3
25,2,80,236.6
25,2,85,240.8
25,2,90,239
25,2,95,232.9
25,2,100,223.1
25,5,5,21.4
25,5,10,60.1
25,5,15,96
25,5,20,120.7
25,5,25,131.8
25,5,30,142.1
25,5,35,151.9
25,5,40,160.2
25,5,45,166.3
25,5,50,171.4
25,5,55,178.9
25,5,60,185.4
25,5,65,189.6
25,5,70,195.7
25,5,75,201.2
25,5,80,207.3
25,5,85,215.2
25,5,90,215.2
25,5,95,209.2
25,5,100,194.3
25,10,5,17.2
25,10,10,48.9
25,10,15,82
25,10,20,106.7
25,10,25,119.7
25,10,30,128.1
25,10,35,137
25,10,40,145.8
25,10,45,150.5
25,10,50,155.6
25,10,55,161.2
25,10,60,167.2
25,10,65,167.7
25,10,70,173.3
25,10,75,177
25,10,80,183.1
25,10,85,194.3
25,10,90,196.1
25,10,95,191
25,10,100,170.5
25,15,5,14.2
25,15,10,43.1
25,15,15,74.3
25,15,20,98.3
25,15,25,112.7
25,15,30,120.2
25,15,35,129.3
25,15,40,137.4
25,15,45,142.55
25,15,50,146.75
25,15,55,152.8
25,15,60,157.9
25,15,65,156.5
25,15,70,161.65
25,15,75,164.65
25,15,80,170.75
25,15,85,182.85
25,15,90,187.05
25,15,95,181.9
25,15,100,158.15
25,20,5,11.2
25,20,10,37.3
25,20,15,66.6
25,20,20,89.9
25,20,25,105.7
25,20,30,112.3
25,20,35,121.6
25,20,40,129
25,20,45,134.6
25,20,50,137.9
25,20,55,144.4
25,20,60,148.6
25,20,65,145.3
25,20,70,150
25,20,75,152.3
25,20,80,158.4
25,20,85,171.4
25,20,90,178
25,20,95,172.8
25,20,100,145.8
25,25,5,9.8
25,25,10,34
25,25,15,61.95
25,25,20,85.5
25,25,25,102.7
25,25,30,107.65
25,25,35,117.15
25,25,40,124.6
25,25,45,129.7
25,25,50,133
25,25,55,139.3
25,25,60,143.7
25,25,65,139.25
25,25,70,143
25,25,75,145.35
25,25,80,151.15
25,25,85,165.8
25,25,90,173.55
25,25,95,168.15
25,25,100,138.8
25,30,5,8.4
25,30,10,30.7
25,30,15,57.3
25,30,20,81.1
25,30,25,99.7
25,30,30,103
25,30,35,112.7
25,30,40,120.2
25,30,45,124.8
25,30,50,128.1
25,30,55,134.2
25,30,60,138.8
25,30,65,133.2
25,30,70,136
25,30,75,138.4
25,30,80,143.9
25,30,85,160.2
25,30,90,169.1
25,30,95,163.5
25,30,100,131.8
16.25,1,20,114.025
16.25,1,25,123.35
16.25,1,30,133.275
16.25,1,35,142.85
16.25,1,40,151.1
16.25,1,45,156.825
16.25,1,50,162.1
16.25,1,55,168.75
16.25,1,60,175.725
16.25,1,65,182.975
16.25,1,70,188.65
16.25,1,75,193.9
16.25,1,80,201.125
16.25,1,85,202.45
16.25,1,90,199.7
16.25,1,95,194.55
16.25,1,100,187.725
16.25,2,20,107.35
16.25,2,25,115.65
16.25,2,30,125.325
16.25,2,35,134.5
16.25,2,40,142.075
16.25,2,45,147.425
16.25,2,50,152.7
16.25,2,55,158.65
16.25,2,60,164.85
16.25,2,65,171.025
16.25,2,70,176.4
16.25,2,75,180.925
16.25,2,80,187.025
16.25,2,85,189.8
16.25,2,90,187.8
16.25,2,95,182.175
16.25,2,100,173.825
16.25,5,20,94.7
16.25,5,25,104.1
16.25,5,30,112.725
16.25,5,35,120.85
16.25,5,40,127.625
16.25,5,45,132.65
16.25,5,50,136.825
16.25,5,55,142.775
16.25,5,60,147.9
16.25,5,65,151.3
16.25,5,70,155.95
16.25,5,75,160.05
16.25,5,80,164.5
16.25,5,85,170.075
16.25,5,90,169.475
16.25,5,95,164.025
16.25,5,100,151.825
16.25,10,20,83.875
16.25,10,25,94.725
16.25,10,30,101.875
16.25,10,35,109.275
16.25,10,40,116.4
16.25,10,45,120.35
16.25,10,50,124.5
16.25,10,55,129
16.25,10,60,133.775
16.25,10,65,134.35
16.25,10,70,138.625
16.25,10,75,141.35
16.25,10,80,145.825
16.25,10,85,153.925
16.25,10,90,154.775
16.25,10,95,150.075
16.25,10,100,133.7
16.25,15,20,77.35
16.25,15,25,89.3
16.25,15,30,95.7625
16.25,15,35,103.275
16.25,15,40,109.85
16.25,15,45,114.125
16.25,15,50,117.575
16.25,15,55,122.4
16.25,15,60,126.5
16.25,15,65,125.65
16.25,15,70,129.6
16.25,15,75,131.7875
16.25,15,80,136.25
16.25,15,85,145.075
16.25,15,90,147.775
16.25,15,95,143.1
16.25,15,100,124.3
16.25,20,20,70.825
16.25,20,25,83.875
16.25,20,30,89.65
16.25,20,35,97.275
16.25,20,40,103.3
16.25,20,45,107.9
16.25,20,50,110.65
16.25,20,55,115.8
16.25,20,60,119.225
16.25,20,65,116.95
16.25,20,70,120.575
16.25,20,75,122.225
16.25,20,80,126.675
16.25,20,85,136.225
16.25,20,90,140.775
16.25,20,95,136.125
16.25,20,100,114.9
16.25,25,20,67.4
16.25,25,25,81.525
16.25,25,30,86.05
16.25,25,35,93.8125
16.25,25,40,99.8625
16.25,25,45,104.075
16.25,25,50,106.8125
16.25,25,55,111.8
16.25,25,60,115.3625
16.25,25,65,112.25
16.25,25,70,115.15
16.25,25,75,116.825
16.25,25,80,121.05
16.25,25,85,131.85
16.25,25,90,137.3
16.25,25,95,132.5625
16.25,25,100,109.575
16.25,30,20,63.975
16.25,30,25,79.175
16.25,30,30,82.45
16.25,30,35,90.35
16.25,30,40,96.425
16.25,30,45,100.25
16.25,30,50,102.975
16.25,30,55,107.8
16.25,30,60,111.5
16.25,30,65,107.55
16.25,30,70,109.725
16.25,30,75,111.425
16.25,30,80,115.425
16.25,30,85,127.475
16.25,30,90,133.825
16.25,30,95,129
16.25,30,100,104.25
7.5,1,20,82.75
7.5,1,25,90.2
7.5,1,30,97.95
7.5,1,35,105.4
7.5,1,40,111.7
7.5,1,45,116.15
7.5,1,50,120.2
7.5,1,55,125.1
7.5,1,60,130.15
7.5,1,65,135.35
7.5,1,70,139.3
7.5,1,75,142.8
7.5,1,80,147.45
7.5,1,85,147.8
7.5,1,90,145.1
7.5,1,95,140.3
7.5,1,100,134.65
7.5,2,20,77.7
7.5,2,25,84.6
7.5,2,30,92.25
7.5,2,35,99.4
7.5,2,40,105.25
7.5,2,45,109.45
7.5,2,50,113.5
7.5,2,55,117.9
7.5,2,60,122.4
7.5,2,65,126.85
7.5,2,70,130.6
7.5,2,75,133.55
7.5,2,80,137.45
7.5,2,85,138.8
7.5,2,90,136.6
7.5,2,95,131.45
7.5,2,100,124.55
7.5,5,20,68.7
7.5,5,25,76.4
7.5,5,30,83.35
7.5,5,35,89.8
7.5,5,40,95.05
7.5,5,45,99
7.5,5,50,102.25
7.5,5,55,106.65
7.5,5,60,110.4
7.5,5,65,113
7.5,5,70,116.2
7.5,5,75,118.9
7.5,5,80,121.7
7.5,5,85,124.95
7.5,5,90,123.75
7.5,5,95,118.85
7.5,5,100,109.35
7.5,10,20,61.05
7.5,10,25,69.75
7.5,10,30,75.65
7.5,10,35,81.55
7.5,10,40,87
7.5,10,45,90.2
7.5,10,50,93.4
7.5,10,55,96.8
7.5,10,60,100.35
7.5,10,65,101
7.5,10,70,103.95
7.5,10,75,105.7
7.5,10,80,108.55
7.5,10,85,113.55
7.5,10,90,113.45
7.5,10,95,109.15
7.5,10,100,96.9
7.5,15,20,56.4
7.5,15,25,65.9
7.5,15,30,71.325
7.5,15,35,77.25
7.5,15,40,82.3
7.5,15,45,85.7
7.5,15,50,88.4
7.5,15,55,92
7.5,15,60,95.1
7.5,15,65,94.8
7.5,15,70,97.55
7.5,15,75,98.925
7.5,15,80,101.75
7.5,15,85,107.3
7.5,15,90,108.5
7.5,15,95,104.3
7.5,15,100,90.45
7.5,20,20,51.75
7.5,20,25,62.05
7.5,20,30,67
7.5,20,35,72.95
7.5,20,40,77.6
7.5,20,45,81.2
7.5,20,50,83.4
7.5,20,55,87.2
7.5,20,60,89.85
7.5,20,65,88.6
7.5,20,70,91.15
7.5,20,75,92.15
7.5,20,80,94.95
7.5,20,85,101.05
7.5,20,90,103.55
7.5,20,95,99.45
7.5,20,100,84
7.5,25,20,49.3
7.5,25,25,60.35
7.5,25,30,64.45
7.5,25,35,70.475
7.5,25,40,75.125
7.5,25,45,78.45
7.5,25,50,80.625
7.5,25,55,84.3
7.5,25,60,87.025
7.5,25,65,85.25
7.5,25,70,87.3
7.5,25,75,88.3
7.5,25,80,90.95
7.5,25,85,97.9
7.5,25,90,101.05
7.5,25,95,96.975
7.5,25,100,80.35
7.5,30,20,46.85
7.5,30,25,58.65
7.5,30,30,61.9
7.5,30,35,68
7.5,30,40,72.65
7.5,30,45,75.7
7.5,30,50,77.85
7.5,30,55,81.4
7.5,30,60,84.2
7.5,30,65,81.9
7.5,30,70,83.45
7.5,30,75,84.45
7.5,30,80,86.95
7.5,30,85,94.75
7.5,30,90,98.55
7.5,30,95,94.5
7.5,30,100,76.7
-1.25,1,20,51.475
-1.25,1,25,57.05
-1.25,1,30,62.625
-1.25,1,35,67.95
-1.25,1,40,72.3
-1.25,1,45,75.475
-1.25,1,50,78.3
-1.25,1,55,81.45
-1.25,1,60,84.575
-1.25,1,65,87.725
-1.25,1,70,89.95
-1.25,1,75,91.7
-1.25,1,80,93.775
-1.25,1,85,93.15
-1.25,1,90,90.5
-1.25,1,95,86.05
-1.25,1,100,81.575
-1.25,2,20,48.05
-1.25,2,25,53.55
-1.25,2,30,59.175
-1.25,2,35,64.3
-1.25,2,40,68.425
-1.25,2,45,71.475
-1.25,2,50,74.3
-1.25,2,55,77.15
-1.25,2,60,79.95
-1.25,2,65,82.675
-1.25,2,70,84.8
-1.25,2,75,86.175
-1.25,2,80,87.875
-1.25,2,85,87.8
-1.25,2,90,85.4
-1.25,2,95,80.725
-1.25,2,100,75.275
-1.25,5,20,42.7
-1.25,5,25,48.7
-1.25,5,30,53.975
-1.25,5,35,58.75
-1.25,5,40,62.475
-1.25,5,45,65.35
-1.25,5,50,67.675
-1.25,5,55,70.525
-1.25,5,60,72.9
-1.25,5,65,74.7
-1.25,5,70,76.45
-1.25,5,75,77.75
-1.25,5,80,78.9
-1.25,5,85,79.825
-1.25,5,90,78.025
-1.25,5,95,73.675
-1.25,5,100,66.875
-1.25,10,20,38.225
-1.25,10,25,44.775
-1.25,10,30,49.425
-1.25,10,35,53.825
-1.25,10,40,57.6
-1.25,10,45,60.05
-1.25,10,50,62.3
-1.25,10,55,64.6
-1.25,10,60,66.925
-1.25,10,65,67.65
-1.25,10,70,69.275
-1.25,10,75,70.05
-1.25,10,80,71.275
-1.25,10,85,73.175
-1.25,10,90,72.125
-1.25,10,95,68.225
-1.25,10,100,60.1
-1.25,15,20,35.45
-1.25,15,25,42.5
-1.25,15,30,46.8875
-1.25,15,35,51.225
-1.25,15,40,54.75
-1.25,15,45,57.275
-1.25,15,50,59.225
-1.25,15,55,61.6
-1.25,15,60,63.7
-1.25,15,65,63.95
-1.25,15,70,65.5
-1.25,15,75,66.0625
-1.25,15,80,67.25
-1.25,15,85,69.525
-1.25,15,90,69.225
-1.25,15,95,65.5
-1.25,15,100,56.6
-1.25,20,20,32.675
-1.25,20,25,40.225
-1.25,20,30,44.35
-1.25,20,35,48.625
-1.25,20,40,51.9
-1.25,20,45,54.5
-1.25,20,50,56.15
-1.25,20,55,58.6
-1.25,20,60,60.475
-1.25,20,65,60.25
-1.25,20,70,61.725
-1.25,20,75,62.075
-1.25,20,80,63.225
-1.25,20,85,65.875
-1.25,20,90,66.325
-1.25,20,95,62.775
-1.25,20,100,53.1
-1.25,25,20,31.2
-1.25,25,25,39.175
-1.25,25,30,42.85
-1.25,25,35,47.1375
-1.25,25,40,50.3875
-1.25,25,45,52.825
-1.25,25,50,54.4375
-1.25,25,55,56.8
-1.25,25,60,58.6875
-1.25,25,65,58.25
-1.25,25,70,59.45
-1.25,25,75,59.775
-1.25,25,80,60.85
-1.25,25,85,63.95
-1.25,25,90,64.8
-1.25,25,95,61.3875
-1.25,25,100,51.125
-1.25,30,20,29.725
-1.25,30,25,38.125
-1.25,30,30,41.35
-1.25,30,35,45.65
-1.25,30,40,48.875
-1.25,30,45,51.15
-1.25,30,50,52.725
-1.25,30,55,55
-1.25,30,60,56.9
-1.25,30,65,56.25
-1.25,30,70,57.175
-1.25,30,75,57.475
-1.25,30,80,58.475
-1.25,30,85,62.025
-1.25,30,90,63.275
-1.25,30,95,60
-1.25,30,100,49.15
-10,1,20,20.2
-10,1,25,23.9
-10,1,30,27.3
-10,1,35,30.5
-10,1,40,32.9
-10,1,45,34.8
-10,1,50,36.4
-10,1,55,37.8
-10,1,60,39
-10,1,65,40.1
-10,1,70,40.6
-10,1,75,40.6
-10,1,80,40.1
-10,1,85,38.5
-10,1,90,35.9
-10,1,95,31.8
-10,1,100,28.5
-10,2,20,18.4
-10,2,25,22.5
-10,2,30,26.1
-10,2,35,29.2
-10,2,40,31.6
-10,2,45,33.5
-10,2,50,35.1
-10,2,55,36.4
-10,2,60,37.5
-10,2,65,38.5
-10,2,70,39
-10,2,75,38.8
-10,2,80,38.3
-10,2,85,36.8
-10,2,90,34.2
-10,2,95,30
-10,2,100,26
-10,5,20,16.7
-10,5,25,21
-10,5,30,24.6
-10,5,35,27.7
-10,5,40,29.9
-10,5,45,31.7
-10,5,50,33.1
-10,5,55,34.4
-10,5,60,35.4
-10,5,65,36.4
-10,5,70,36.7
-10,5,75,36.6
-10,5,80,36.1
-10,5,85,34.7
-10,5,90,32.3
-10,5,95,28.5
-10,5,100,24.4
-10,10,20,15.4
-10,10,25,19.8
-10,10,30,23.2
-10,10,35,26.1
-10,10,40,28.2
-10,10,45,29.9
-10,10,50,31.2
-10,10,55,32.4
-10,10,60,33.5
-10,10,65,34.3
-10,10,70,34.6
-10,10,75,34.4
-10,10,80,34
-10,10,85,32.8
-10,10,90,30.8
-10,10,95,27.3
-10,10,100,23.3
-10,15,20,14.5
-10,15,25,19.1
-10,15,30,22.45
-10,15,35,25.2
-10,15,40,27.2
-10,15,45,28.85
-10,15,50,30.05
-10,15,55,31.2
-10,15,60,32.3
-10,15,65,33.1
-10,15,70,33.45
-10,15,75,33.2
-10,15,80,32.75
-10,15,85,31.75
-10,15,90,29.95
-10,15,95,26.7
-10,15,100,22.75
-10,20,20,13.6
-10,20,25,18.4
-10,20,30,21.7
-10,20,35,24.3
-10,20,40,26.2
-10,20,45,27.8
-10,20,50,28.9
-10,20,55,30
-10,20,60,31.1
-10,20,65,31.9
-10,20,70,32.3
-10,20,75,32
-10,20,80,31.5
-10,20,85,30.7
-10,20,90,29.1
-10,20,95,26.1
-10,20,100,22.2
-10,25,20,13.1
-10,25,25,18
-10,25,30,21.25
-10,25,35,23.8
-10,25,40,25.65
-10,25,45,27.2
-10,25,50,28.25
-10,25,55,29.3
-10,25,60,30.35
-10,25,65,31.25
-10,25,70,31.6
-10,25,75,31.25
-10,25,80,30.75
-10,25,85,30
-10,25,90,28.55
-10,25,95,25.8
-10,25,100,21.9
-10,30,20,12.6
-10,30,25,17.6
-10,30,30,20.8
-10,30,35,23.3
-10,30,40,25.1
-10,30,45,26.6
-10,30,50,27.6
-10,30,55,28.6
-10,30,60,29.6
-10,30,65,30.6
-10,30,70,30.9
-10,30,75,30.5
-10,30,80,30
-10,30,85,29.3
-10,30,90,28
-10,30,95,25.5
-10,30,100,21.6